<?xml version="1.0" encoding="utf-8"?>
<papers>
  <paper>
    <metadata>
      <authors>
        <author value="\index{}"/>
        <author value="\index{}"/>
        <author value="\index{}"/>
        <author value="\index{}"/>
      </authors>
      <annotation value="\Abst{Рассматриваются системотехнические подходы к созданию унифицированной системы управ ле ния в среде облачных технологий в виде совокупности сервисов. Предложенный подход на основе процессной пятистадийной модели позволяет определить общий вид (прототип) унифицированной системы ситуационного управления с учетом всех видов внешних и внутренних информационных взаимодействий в составе иерархической системы управления. Показано, что унифицированная система должна обладать средствами настройки (локализации) на конкретную об ласть применения. Предложен перечень сервисов локализации и сервисов обеспечения основных функций сис те мы управ ле ния. Ожидается, что такие сервисы будут востребованы в широком круге организационных сис тем, что должно привести к существенному уменьшению затрат на разработку и внедрение, обеспечить возможность реализации единой информационной, программной и технической политики в об ласти межведомственного и внутриведомственного электронного взаимодействия.}"/>
      <keywords>
        <text value="\KW{унифицированная система ситуационного управления; облачный сервис; процессы локализации}"/>
      </keywords>
    </metadata>
    <fulltext>
      <literature/>
      <text>
        <value value="zatsar"/>
      </text>
      <text>
        <value value="СИСТЕМА СИТУАЦИОННОГО УПРАВЛЕНИЯ КАК МУЛЬТИСЕРВИСНАЯ ТЕХНОЛОГИЯ В ОБЛАЧНОЙ СРЕДЕ"/>
      </text>
      <text>
        <value value="Система ситуационного управления как мультисервисная технология в облачной среде"/>
      </text>
      <text>
        <value value="А."/>
      </text>
      <text>
        <value value="А. Зацаринный$^1$, А."/>
      </text>
      <text>
        <value value="П. Сучков$^2$"/>
      </text>
      <text>
        <value value="А."/>
      </text>
      <text>
        <value value="А. Зацаринный, А."/>
      </text>
      <text>
        <value value="П. Сучков"/>
      </text>
      <command value="\titel">
        <text>
          <group>
            <text value="{}"/>
            <command value="\tit">
              <text/>
              <text>
                <group>
                  <text value="{}"/>
                  <command value="\aut">
                    <text/>
                    <text>
                      <group>
                        <text value="{}"/>
                        <command value="\autkol">
                          <text/>
                          <text>
                            <group>
                              <text value="{}"/>
                              <command value="\titkol">
                                <text/>
                              </command>
                            </group>
                          </text>
                        </command>
                      </group>
                    </text>
                  </command>
                </group>
              </text>
            </command>
          </group>
        </text>
      </command>
      <text>
        <value value="Зацаринный А."/>
      </text>
      <text>
        <value value="А."/>
      </text>
      <text>
        <value value="Сучков А."/>
      </text>
      <text>
        <value value="П."/>
      </text>
      <text>
        <value value="Zatsarinny A."/>
      </text>
      <text>
        <value value="A."/>
      </text>
      <text>
        <value value="Suchkov A."/>
      </text>
      <text>
        <value value="P."/>
      </text>
      <command value="\renewcommand">
        <text>
          <group>
            <text value="{}"/>
            <command value="\thefootnote">
              <text/>
              <text>
                <group>
                  <text value="{}"/>
                  <command value="\arabic">
                    <text>
                      <group>
                        <text value="{}"/>
                        <text>
                          <value value="footnote"/>
                        </text>
                      </group>
                    </text>
                    <text/>
                    <text/>
                  </command>
                </group>
              </text>
            </command>
          </group>
        </text>
      </command>
      <command value="\footnotetext">
        <text value="\footnotetext[1]{}"/>
      </command>
      <text>
        <value value="Институт проблем информатики Федерального исследовательского центра &amp;lt;&amp;lt;Информатика и управление&amp;gt;&amp;gt; Российской академии наук,"/>
      </text>
      <command value="\mbox">
        <text>
          <group>
            <text value="{}"/>
            <email>
              <text value="AZatsarinny@ipiran.ru"/>
            </email>
          </group>
        </text>
        <text/>
        <text/>
      </command>
      <command value="\footnotetext">
        <text value="\footnotetext[2]{}"/>
      </command>
      <text>
        <value value="Институт проблем информатики Федерального исследовательского центра &amp;lt;&amp;lt;Информатика и управление&amp;gt;&amp;gt; Российской академии наук,"/>
      </text>
      <command value="\mbox">
        <text>
          <group>
            <text value="{}"/>
            <email>
              <text value="ASuchkov@ipiran.ru"/>
            </email>
          </group>
        </text>
        <text/>
        <text/>
      </command>
      <command value="\vspace*">
        <text>
          <group>
            <text value="{}"/>
            <text>
              <value value="6pt"/>
            </text>
          </group>
        </text>
        <text/>
      </command>
      <command value="\vspace*">
        <text>
          <group>
            <text value="{}"/>
            <text>
              <value value="6pt"/>
            </text>
          </group>
        </text>
        <text/>
      </command>
      <command value="\vskip">
        <text>
          <text>
            <value value="10pt plus 9pt minus 6pt"/>
          </text>
        </text>
      </command>
      <command value="\thispagestyle">
        <text>
          <group>
            <text value="{}"/>
            <text>
              <value value="headings"/>
            </text>
          </group>
        </text>
        <text/>
      </command>
      <command value="\begin">
        <text>
          <group>
            <text value="{}"/>
            <text>
              <value value="2"/>
            </text>
          </group>
        </text>
        <text/>
      </command>
      <command value="\label">
        <text>
          <group>
            <text value="{}"/>
            <text>
              <value value="st"/>
            </text>
            <command value="\stat">
              <text/>
            </command>
          </group>
        </text>
      </command>
      <section id="id1">
        <text>
          <value value="\section{}"/>
        </text>
        <text>
          <value value="Введение"/>
        </text>
        <text>
          <value value="В настоящее время подавляющее большинство организационных систем (ведомства, корпорации, предприятия в государственном секторе, бизнес-компании, банковский и торговый секторы экономики и т."/>
        </text>
        <text>
          <value value="п.)"/>
        </text>
        <text>
          <value value="при реализации стратегических целей связывают свое развитие с созданием и эффективным применением информационных систем и технологий. При этом требования к ним сегодня неизмеримо возросли: речь идет не о компьютеризации"/>
        </text>
        <command value="\linebreak">
          <text value="\linebreak"/>
        </command>
        <text>
          <value value="отдельных служб или компании в целом; на первый план выходят системы с технологиями, реализующими функции поддержки принятия управляющих решений как в рамках текущих задач организационной системы, так и задач среднесрочного и перспективного планирования на основе прогнозирования. Более того, возросла актуальность задач информационного взаимодействия различных организационных систем между собой на основе единых регламентов взаимодействия. Такие задачи поставлены в рамках создания Системы распределенных ситуационных центров"/>
        </text>
        <text>
          <value value="1"/>
        </text>
        <text>
          <value value=". Это определяет тенденцию возрастания спроса на разработку и внедрение автоматизированных систем управления для широкого спектра организаций. Очевидно, что затраты на разработку существенно снижаются при использовании доступных готовых типовых решений (инфраструктурных и программных), настраиваемых на конкретные приложения."/>
        </text>
        <figure id="id2" value="Token(TokenType.COMMAND&amp;quot;, &amp;quot;\begin{figure*}&#10;\vspace*{11pt}&#10; \begin{center}&#10; \mbox{%&#10; \epsfxsize=156.428mm &#10; \epsfbox{zac-1.eps}&#10; }&#10; \end}&#10;\vspace*{-9pt}&#10;\Caption{Функциональная модель ситуационной системы управления}&#10;\end{figure*}&amp;quot;, line=91, col=16)">
          <text>
            <value value="Предпосылками для создании системы управле"/>
          </text>
          <command value="\specialsymbol">
            <text value="~---"/>
          </command>
          <text>
            <value value="инфраструктура как услуга) и DaaS (Desktop as a Service), позволяющие реализовать определенную инфраструктуру (серверы, рабочие места, хранилища, базы данных (БД)) и специализированные рабочие места с прикладным программным обеспечением, реализующие необходимый функционал. Услуга IaaS предоставляет возможность конструировать информационно-технологическую инфраструктуру и управлять ею. Самые известные IaaS-решения: Amazon CloudFormation"/>
          </text>
          <text>
            <value value="2"/>
          </text>
          <text>
            <value value=", Google Compute Engine"/>
          </text>
          <text>
            <value value="3"/>
          </text>
          <text>
            <value value=", Windows Azure"/>
          </text>
          <text>
            <value value="4"/>
          </text>
          <text>
            <value value=". При предоставлении услуги DaaS клиенты получают полностью готовые к работе (под ключ) специализированные виртуальные рабочие места, которые каждый пользователь имеет возможность дополнительно настраивать под свои задачи и получать доступ не к отдельной программе, а к необходимому для полноценной работы программному комплексу. Такой подход используется в Amazon WorkSpaces"/>
          </text>
          <text>
            <value value="5"/>
          </text>
          <text>
            <value value="и Oracle Virtual Desktop Infrastructure"/>
          </text>
          <text>
            <value value="6"/>
          </text>
          <text>
            <value value=". Реализацию мультисервисной технологии можно осуществлять в гибридном облаке, сочетающем частные (для организаций) и общественные (для иерархической системы управления) реализации."/>
          </text>
          <group>
            <text value="{}"/>
          </group>
          <text>
            <value value="Специализированный облачный сервис в виде системы управления можно назвать CSaaS (Control System as a Service). Некоторый положительный опыт успешного применения облачных систем управления уже накоплен в области розничной, оптовой и интернет-торговли, гостиничного бизнеса, медицинских услуг (см., например,"/>
          </text>
          <text>
            <value value="7"/>
          </text>
          <text>
            <value value="). В статье рассматриваются системотехнические подходы к созданию унифицированной системы управления в среде облачных технологий в виде"/>
          </text>
          <command value="\linebreak">
            <text value="\linebreak"/>
          </command>
          <text>
            <value value="совокупности сервисов. Ожидается, что такие сервисы будут востребованы в широком круге организационных систем, что должно привести к существенному уменьшению затрат на разработку и внедрение, обеспечить возможность реализации единой информационной, программной и технической политики в области межведомственного и внутриведомственного электронного взаимодействия."/>
          </text>
          <group>
            <text value="{}"/>
            <command value="\looseness">
              <text>
                <text>
                  <value value="=1"/>
                </text>
              </text>
              <text/>
            </command>
          </group>
        </figure>
      </section>
      <section id="id3">
        <text>
          <value value="\section{}"/>
        </text>
        <text>
          <value value="Процессная модель унифицированной системы управления"/>
        </text>
        <command value="\vspace*">
          <text>
            <group>
              <text value="{}"/>
              <text>
                <value value="-8pt"/>
              </text>
            </group>
          </text>
          <text/>
          <text>
            <text>
              <value value="В"/>
            </text>
          </text>
          <text/>
          <text>
            <text>
              <value value="8"/>
            </text>
          </text>
          <text/>
          <text>
            <text>
              <value value="обоснована процессная пятистадийная модель обобщенной системы управления, которая апробирована в ряде приложений"/>
            </text>
          </text>
          <text/>
          <text>
            <text>
              <value value="9"/>
            </text>
          </text>
          <text/>
          <text>
            <text>
              <value value=". Суть данной модели состоит в представлении системы управления в виде пяти групп процессов, взаимодействующих с внешней средой и между собой: целеполагание, мониторинг, анализ, решение и действие. При этом, как показано на рис. 1, выход каждого процесса является входом другого, что обеспечивает непрерывность управления. Первая группа процессов обслуживает такое свойство системы управления, как целесообразность, и позволяет поддерживать формализованное представление целевых показателей (ЦП), устанавливать количественные и временн"/>
            </text>
          </text>
        </command>
        <formula id="id4" value="$\acute{\mbox{ы}}$"/>
        <text>
          <value value="е критерии их достижения (целеполагание и планирование). Сформированная система целей определяет совокупность параметров объектов мониторинга, подлежащих постоянному наблюдению, а также формы отчетности и других служебных документов. Взаимодействие системы управления с внешней средой обслуживает ряд процессов сбора информации о состоянии контролируемых объектов, включая состояние ЦП, взаимодействие с сопряженными системами, а также сбор и анализ общедоступных данных по тематике предметной об"/>
        </text>
        <command value="\specialsymbol">
          <text value="~---"/>
        </command>
        <text>
          <value value="сигналы сенсоров,"/>
        </text>
        <command value="\linebreak">
          <text value="\linebreak"/>
        </command>
        <text>
          <value value="отчеты и донесения нижестоящих и взаимодействующих систем управления, инструкции вышесто"/>
        </text>
        <command value="\specialsymbol">
          <text value="~---"/>
        </command>
        <text>
          <value value="изменения состояния контролируемых объектов внешней среды. Третья группа процессов, получая на входе событийную информацию, осуществляет анализ и распознавание складывающихся пространственно-временн"/>
        </text>
        <formula id="id5" value="$\acute{\mbox{ы}}$"/>
        <text>
          <value value="х конфигураций событий (ситуации), имеется в виду пространство взаимосвязанных объектов мониторинга, изменяющихся во времени. При этом выявляются значимые ситуации, требующие быстрого реагирования, а также определяется тип ситуации (штатная, нештатная), анализируется существующий опыт нормализации ситуаций и вырабатываются альтернативы решений по управлению. Важнейшим компонентом третьей группы является анализ текущего состояния ЦП системы управления (планов). На следующей стадии осуществляется поддержка процессов принятия решений, в общем случае это процесс многокритериального выбора (МКВ) среди альтернативных вариантов нормализации ситуации с учетом различных ресурсных ограничений и результатов сценарного прогнозирования последствий возможных управляющих воздействий. В случае штатной ситуации осуществляется адаптация типовых решений к складывающейся обстановке. Пятая стадия реализует процессы выполнения выработанного решения путем применения управляющих воздействий, исходя из имеющихся ресурсов, а также контроль исполнения (путем установления динамических целей для осуществления контроля исполнения решения)."/>
        </text>
      </section>
      <section id="id6">
        <text>
          <value value="\section{}"/>
        </text>
        <text>
          <value value="Общий вид (прототип) унифицированной системы ситуационного управления"/>
        </text>
        <text>
          <value value="Предлагаемая функциональная модель системы ситуационного управления может быть основой для описания унифицированной мультисервисной технологии высокой доступности. Для формирования полного облика такой технологии необходимо также учесть процессы взаимодействия в иерархической многоуровневой системе управления, так как обычно любая система управления может обладать как внутренними подсистемами управления, например подразделениями, так и внешними подсистемами, например территориально распределенными системами управления. Информационные взаимодействия, происходящие в иерархической многоуровневой системе"/>
        </text>
        <command value="\linebreak">
          <text value="\linebreak"/>
        </command>
        <text>
          <value value="ситуационного управления, подразделяются на внешние и внутренние (рис. 2). Внешние взаимодействия с окружающей средой происходят с помощью сенсорных подсистем, которые могут осуществлять прием сигналов, донесений, различных видов структурированных и неструктурированных данных, а также инструкций от вышестоящих органов, осуществляющих целеполагание и другое регулирование деятельности системы управления на основе нормативно-правовых документов. В структуре информационных взаимодействий внутри иерархической системы управления можно выделить три вида данных: команды, отчеты и сведения. Команды представляют собой управляющие воздействия в виде, как правило, формализованных"/>
        </text>
        <command value="\linebreak">
          <text value="\linebreak"/>
        </command>
        <command value="\specialsymbol">
          <text value="~---"/>
        </command>
        <text>
          <value value="от вышестоящих"/>
        </text>
        <command value="\linebreak">
          <text value="\linebreak"/>
        </command>
        <text>
          <value value="к нижестоящим подсистемам. С помощью команд"/>
        </text>
        <command value="\linebreak">
          <text value="\linebreak"/>
        </command>
        <text>
          <value value="выполняются действия по исполнению принятых решений, включая установление новых целей, определение сроков, ответственных исполнителей и выделение требуемых ресурсов. Такой функционал обычно реализуется средствами формализованного электронного документооборота (ФЭД). Отчеты передаются от нижестоящих к вышестоящим подсистемам в виде формализованных донесений о реализации поставленных целей, которые находятся на контроле вышестоящего органа управления. Сюда могут включаться доклады о готовности и работоспособности, а также результаты деятельности по реализации решений. Сведения представляют собой формализованные и неформализованные сообщения, передаваемые с целью информирования и координации деятельности взаимодействующих подсистем, а также обмена данными о результатах аналитики (прогнозирование, идентификация ситуаций, выявленные тренды, аномалии, артефакты). В"/>
        </text>
        <text>
          <value value="10"/>
        </text>
        <text>
          <value value="рассмотрены вопросы организации обмена аналитическими данными различных видов и обоснованы способы их формализации. Таким образом, предложенный подход на основе процессной пятистадийной модели позволяет определить общий вид (прототип) унифицированной системы ситуационного управления с учетом"/>
        </text>
        <command value="\linebreak">
          <text value="\linebreak"/>
        </command>
        <command value="\vspace*">
          <text>
            <group>
              <text value="{}"/>
              <text>
                <value value="-12pt"/>
              </text>
            </group>
          </text>
          <text/>
        </command>
        <command value="\pagebreak"/>
        <command value="\end">
          <text>
            <group>
              <text value="{}"/>
              <text>
                <value value="multicols"/>
              </text>
            </group>
          </text>
          <text/>
        </command>
        <figure id="id7" value="Token(TokenType.COMMAND&amp;quot;, &amp;quot;\begin{figure*}&#10;\vspace*{1pt}&#10; \begin{center}&#10; \mbox{%&#10; \epsfxsize=161.434mm &#10; \epsfbox{zac-2.eps}&#10; }&#10; \end}&#10;\vspace*{-8pt}&#10;\Caption{Взаимодействие подсистем иерархической трехуровневой &#10;сис\-те\-мы управ\-ле\-ния}&#10;\end{figure*}&amp;quot;, line=276, col=16)">
          <command value="\begin">
            <text>
              <group>
                <text value="{}"/>
                <text>
                  <value value="2"/>
                </text>
              </group>
            </text>
            <text/>
          </command>
          <command value="\noindent">
            <text value="\noindent"/>
          </command>
          <text>
            <value value="всех видов внешних и внутренних информационных взаимодействий в составе иерархической системы управления (см."/>
          </text>
          <text>
            <value value="рис. 2)."/>
          </text>
        </figure>
      </section>
      <section id="id8">
        <text>
          <value value="\section{}"/>
        </text>
        <text>
          <value value="Прикладные вопросы локализации прототипа"/>
        </text>
        <text>
          <value value="Унифицированная система ситуационного управления высокой доступности в облачной среде должна обладать средствами настройки (локализации) на конкретную область применения. Следовательно, в ее структуре должны быть универсальные (неизменные для любого приложения или автоматически настраиваемые) компоненты и специфические (настраиваемые) компоненты. К настраиваемым компонентам относятся: структура БД, инструментальные программные средства анализа неструктурированных и структурированных данных, программные средства адаптеров входных данных и прочие средства специального программного обеспечения (СПО), ФЭД. Все эти компоненты опираются на проблемно-ориентированную модель данных, включающую в себя описание сущностей предметной области и их взаимосвязей, информационно-лингвистическое обеспечение (ИЛО) системы, формы служебных документов. Информационная модель формируется в процессе первоначальной локализации системы в основном по данным стадии целеполагания, на которой определяются ЦП системы управления и связанные с ними объекты мони-"/>
        </text>
        <command value="\linebreak">
          <text value="\linebreak"/>
        </command>
        <command value="\vspace*">
          <text>
            <group>
              <text value="{}"/>
              <text>
                <value value="-12pt"/>
              </text>
            </group>
          </text>
          <text/>
        </command>
        <command value="\pagebreak"/>
        <command value="\end">
          <text>
            <group>
              <text value="{}"/>
              <text>
                <value value="multicols"/>
              </text>
            </group>
          </text>
          <text/>
        </command>
        <figure id="id9" value="Token(TokenType.COMMAND&amp;quot;, &amp;quot;\begin{figure*}&#10;\vspace*{1pt}&#10; \begin{center}&#10; \mbox{%&#10; \epsfxsize=165.77mm &#10; \epsfbox{zac-3.eps}&#10; }&#10; \end}&#10;\vspace*{-6pt}&#10;\Caption{Процессы настройки унифицированной сис\-те\-мы ситуационного управ\-ле\-ния}&#10;\vspace*{9pt}&#10;\end{figure*}&amp;quot;, line=328, col=16)">
          <command value="\begin">
            <text>
              <group>
                <text value="{}"/>
                <text>
                  <value value="2"/>
                </text>
              </group>
            </text>
            <text/>
          </command>
          <command value="\noindent">
            <text value="\noindent"/>
          </command>
          <text>
            <value value="торинга, формы отчетности и другие служебные документы. Настройка унифицированной системы, а также ее модификация должны осуществляться с помощью ряда процессов, позволяющих сформировать информационную модель предметной области и на основе адаптированной модели данных осуществить локализацию системы в облачной среде (рис. 3). В"/>
          </text>
          <command value="\cite">
            <text>
              <group>
                <text value="{}"/>
                <text>
                  <value value="8-zac"/>
                </text>
              </group>
            </text>
            <text/>
            <text>
              <text>
                <value value="систематизированы"/>
              </text>
            </text>
          </command>
          <command value="\textbf">
            <text value="\textbf{}"/>
            <text>
              <value value="основные"/>
            </text>
          </command>
          <text>
            <value value="процессы управления: целеполагание, мониторинг, анализ данных мониторинга, поддержка процессов принятия решений в системе управления, реализация принятых решений,"/>
          </text>
          <command value="\textbf">
            <text value="\textbf{}"/>
            <text>
              <value value="вспомогательные"/>
            </text>
          </command>
          <text>
            <value value="внутренние процессы управления, а также"/>
          </text>
          <command value="\textbf">
            <text value="\textbf{}"/>
            <text>
              <value value="обеспечивающие"/>
            </text>
          </command>
          <text>
            <value value="процессы технологического управления, реализующие функции поддержания инфраструктуры: управление информационными ресурсами, организация сетевого взаимодействия, обеспечение информационной безопасности и управление доступом к ресурсам. Все эти процессы подлежат определенной настройке, в статье будут рассмотрены процессы локализации основных и вспомогательных процессов управления."/>
          </text>
          <enumerate/>
          <command value="\vspace*">
            <text>
              <group>
                <text value="{}"/>
                <text>
                  <value value="-6pt"/>
                </text>
              </group>
            </text>
            <text/>
          </command>
        </figure>
      </section>
      <section id="id10">
        <text>
          <value value="\section{}"/>
        </text>
        <text>
          <value value="Унифицированная система ситуационного управления как мультисервисная технология"/>
        </text>
        <text>
          <value value="Совокупность процессов локализации и функционирования унифицированной системы ситуационного управления реализуется совокупностью взаимосвязанных облачных сервисов (рис. 4), позволяющих как интерактивную, так и их событийную активацию (рис. 5). Сервисы, поддерживающие единую XML-модель, целесообразно реализовать в виде глобальной портальной технологии, позволяющей формировать интернет-сообществу рассматриваемой предметной области единую информационную модель по образу NIEM."/>
        </text>
        <command value="\vspace*">
          <text>
            <group>
              <text value="{}"/>
              <text>
                <value value="-6pt"/>
              </text>
            </group>
          </text>
          <text/>
        </command>
      </section>
      <section id="id11">
        <text>
          <value value="\section{}"/>
        </text>
        <text>
          <value value="Использование унифицированной мультисервисной технологии для создания предметно-ориентированной системы ситуационного управления (например, ситуационного центра)"/>
        </text>
        <text>
          <value value="Реализация мультисервисной технологии предполагает наличие у провайдера типовой инфраструктуры системы управления, представляемой"/>
        </text>
        <command value="\linebreak">
          <text value="\linebreak"/>
        </command>
        <command value="\vspace*">
          <text>
            <group>
              <text value="{}"/>
              <text>
                <value value="-12pt"/>
              </text>
            </group>
          </text>
          <text/>
        </command>
        <command value="\pagebreak"/>
        <command value="\end">
          <text>
            <group>
              <text value="{}"/>
              <text>
                <value value="multicols"/>
              </text>
            </group>
          </text>
          <text/>
        </command>
        <figure id="id12" value="Token(TokenType.COMMAND&amp;quot;, &amp;quot;\begin{figure*}&#10;\vspace*{1pt}&#10; \begin{center}&#10; \mbox{%&#10; \epsfxsize=126.858mm &#10; \epsfbox{zac-5.eps}&#10; }&#10; \end}&#10;\vspace*{-9pt}&#10;\Caption{Интерактивная и~событийная активация сервисов:&#10;\textit{1}~--- изменение состава целей;&#10;\textit{2}~--- изменение состава объектов мониторинга;&#10;\textit{3}~--- возникновение ситуации;&#10;\textit{4}~--- формирование альтернатив решений;&#10;\textit{5}~--- принятие решения}&#10;\end{figure*}&amp;quot;, line=626, col=16)">
          <command value="\begin">
            <text>
              <group>
                <text value="{}"/>
                <text>
                  <value value="2"/>
                </text>
              </group>
            </text>
            <text/>
          </command>
          <command value="\noindent">
            <text value="\noindent"/>
          </command>
          <text>
            <value value="пользователю в модели обслуживания IaaS, инструментального и прикладного программного обеспечения, размещаемого на специализированных рабочих местах, доступ пользователя к которым осуществляется в режиме &amp;lt;&amp;lt;тонкого клиента&amp;gt;&amp;gt;. С точки зрения реализации функционала облачной системы управления в рамках услуги DaaS целесообразно создание специализированных рабочих мест в соответствии с организационной структурой ситуационного центра"/>
          </text>
          <text>
            <value value="19"/>
          </text>
          <text>
            <value value=":"/>
          </text>
          <itemize/>
          <text>
            <value value="После создания и оснащения инфраструктуры запускаются интерактивные процессы локализации: осуществляется настройка информационной модели предметной области и компонентов системы под нужды заказчика (адаптеры, документооборот, аналитические приложения). Активация системы осуществляется с запуском сервисов мониторинга контролируемого пространства системы управления."/>
          </text>
          <group>
            <text value="{}"/>
            <command value="\small"/>
            <command value="\frenchspacing">
              <text>
                <group>
                  <text value="{}"/>
                  <command value="\baselineskip">
                    <text>
                      <text>
                        <value value="=10.8pt"/>
                      </text>
                    </text>
                  </command>
                  <command value="\addcontentsline">
                    <text>
                      <group>
                        <text value="{}"/>
                        <text>
                          <value value="toc"/>
                        </text>
                      </group>
                    </text>
                    <text/>
                    <text>
                      <group>
                        <text value="{}"/>
                        <text>
                          <value value="section"/>
                        </text>
                      </group>
                    </text>
                    <text/>
                    <text>
                      <group>
                        <text value="{}"/>
                        <text>
                          <value value="References"/>
                        </text>
                      </group>
                    </text>
                    <text/>
                  </command>
                  <command value="\begin">
                    <text>
                      <group>
                        <text value="{}"/>
                        <text>
                          <value value="99"/>
                        </text>
                      </group>
                    </text>
                    <text/>
                  </command>
                </group>
              </text>
            </command>
          </group>
          <item id="id13" value="\bibitem">
            <text value="\bibitem{1-zac}"/>
          </item>
          <text>
            <value value="Зацаринный А."/>
          </text>
          <text>
            <value value="А."/>
          </text>
          <text>
            <value value="О повышении эффективности информационно-аналитической поддержки принятия стратегических решений в органах государственной власти // Межотраслевая информационная служба, 2015. №"/>
          </text>
          <text>
            <value value="1(170). С. 11--22."/>
          </text>
          <item id="id14" value="\bibitem">
            <text value="\bibitem{2-zac}"/>
            <text>
              <value value="AWS CloudFormation."/>
            </text>
            <group>
              <text value="{}"/>
              <command value="\sf">
                <text>
                  <text>
                    <value value="https://aws.amazon.com/ru/ cloudformation"/>
                  </text>
                </text>
                <text/>
                <text>
                  <text>
                    <value value="."/>
                  </text>
                </text>
              </command>
            </group>
          </item>
          <item id="id15" value="\bibitem">
            <text value="\bibitem{3-zac}"/>
            <text>
              <value value="Compute Engine: Scalable, High-Performance Virtual Machines."/>
            </text>
            <group>
              <text value="{}"/>
              <command value="\sf">
                <text>
                  <text>
                    <value value="https://cloud.google.com/compute"/>
                  </text>
                </text>
                <text/>
                <text>
                  <text>
                    <value value="."/>
                  </text>
                </text>
              </command>
            </group>
          </item>
          <item id="id16" value="\bibitem">
            <text value="\bibitem{4-zac}"/>
            <text>
              <value value="Глобальность. Надежность. Гибридность: Облако на ваших условиях."/>
            </text>
            <group>
              <text value="{}"/>
              <command value="\sf">
                <text>
                  <text>
                    <value value="https://azure.microsoft.com/ru-ru"/>
                  </text>
                </text>
                <text/>
                <text>
                  <text>
                    <value value="."/>
                  </text>
                </text>
              </command>
            </group>
          </item>
          <item id="id17" value="\bibitem">
            <text value="\bibitem{5-zac}"/>
            <text>
              <value value="Amazon WorkSpaces: Полностью управляемые и защищенные виртуальные облачные рабочие столы на AWS."/>
            </text>
            <group>
              <text value="{}"/>
              <command value="\sf">
                <text>
                  <text>
                    <value value="https://aws.amazon.com/ru/workspaces."/>
                  </text>
                </text>
                <text/>
              </command>
            </group>
          </item>
          <item id="id18" value="\bibitem">
            <text value="\bibitem{6-zac}"/>
            <text>
              <value value="Oracle Virtual Desktop Infrastructure."/>
            </text>
            <group>
              <text value="{}"/>
              <command value="\sf">
                <text>
                  <text>
                    <value value="http://www."/>
                  </text>
                </text>
              </command>
            </group>
          </item>
          <command value="\linebreak">
            <text value="\linebreak"/>
          </command>
          <text>
            <value value="oracle.com/technetwork/server-storage/virtualdesktop/ overview/index.html."/>
          </text>
          <item id="id19" value="\bibitem">
            <text value="\bibitem{7-zac}"/>
            <text>
              <value value="Облачная система управления бизнесом."/>
            </text>
            <group>
              <text value="{}"/>
              <command value="\sf">
                <text>
                  <text>
                    <value value="http:// cloud-automation.ru/management"/>
                  </text>
                </text>
              </command>
              <command value="\_automation">
                <text>
                  <text>
                    <value value="."/>
                  </text>
                </text>
                <text/>
              </command>
            </group>
          </item>
          <item id="id20" value="\bibitem">
            <text value="\bibitem{8-zac}"/>
          </item>
          <text>
            <value value="Сучков А."/>
          </text>
          <text>
            <value value="П."/>
          </text>
          <text>
            <value value="Полнофункциональный процессный подход к реализации систем ситуационного управления // Системы и средства информатики, 2017. Т. 27. №"/>
          </text>
          <text>
            <value value="1. С. 85--99."/>
          </text>
          <item id="id21" value="\bibitem">
            <text value="\bibitem{9-zac}"/>
            <text>
              <value value="Федеральный исследовательский центр &amp;lt;&amp;lt;Информатика и управление&amp;gt;&amp;gt; Российской академии наук: Основные направления исследований."/>
            </text>
            <group>
              <text value="{}"/>
              <command value="\sf">
                <text>
                  <text>
                    <value value="http://www. frccsc.ru/expertise."/>
                  </text>
                </text>
                <text/>
              </command>
            </group>
          </item>
          <item id="id22" value="\bibitem">
            <text value="\bibitem{10-zac}"/>
          </item>
          <text>
            <value value="Сучков А."/>
          </text>
          <text>
            <value value="П."/>
          </text>
          <text>
            <value value="Некоторые подходы к интеграции аналитических данных существующих и перспективных систем поддержки принятия решений // Системы и средства информатики, 2015. Т. 25. №"/>
          </text>
          <text>
            <value value="3. С. 201--211."/>
          </text>
          <item id="id23" value="\bibitem">
            <text value="\bibitem{11-zac}"/>
            <text>
              <value value="Электронное правительство: Госуслуги."/>
            </text>
            <group>
              <text value="{}"/>
              <command value="\sf">
                <text>
                  <text>
                    <value value="http://smev. gosuslugi.ru/portal"/>
                  </text>
                </text>
                <text/>
                <text>
                  <text>
                    <value value="."/>
                  </text>
                </text>
              </command>
            </group>
          </item>
          <item id="id24" value="\bibitem">
            <text value="\bibitem{12-zac}"/>
            <text>
              <value value="About NIEM (National Information Exchange Model)."/>
            </text>
            <group>
              <text value="{}"/>
              <command value="\sf">
                <text>
                  <text>
                    <value value="https://www.niem.gov/about-niem"/>
                  </text>
                </text>
                <text/>
                <text>
                  <text>
                    <value value="."/>
                  </text>
                </text>
              </command>
            </group>
          </item>
          <item id="id25" value="\bibitem">
            <text value="\bibitem{13-zac}"/>
          </item>
          <text>
            <value value="Осипов Г."/>
          </text>
          <text>
            <value value="С."/>
          </text>
          <text>
            <value value="Приобретение знаний интеллектуальными система"/>
          </text>
          <command value="\specialsymbol">
            <text value="~---"/>
          </command>
          <text>
            <value value="М.: Наука. 1997. 112 с."/>
          </text>
          <item id="id26" value="\bibitem">
            <text value="\bibitem{14-zac}"/>
          </item>
          <text>
            <value value="Быстров И."/>
          </text>
          <text>
            <value value="И., Тарасов Б."/>
          </text>
          <text>
            <value value="В., Хорошилов А."/>
          </text>
          <text>
            <value value="А., Радоманов С."/>
          </text>
          <text>
            <value value="И."/>
          </text>
          <text>
            <value value="Основы применения онтологии и компьютерной лингвистики при проектировании перспективных автоматизированных информационных систем // Системы и средства информатики, 2015. Т. 25. №"/>
          </text>
          <text>
            <value value="4. С. 128--149."/>
          </text>
          <item id="id27" value="\bibitem">
            <text value="\bibitem{15-zac}"/>
          </item>
          <text>
            <value value="Петровский А."/>
          </text>
          <text>
            <value value="Б., Лобанов В."/>
          </text>
          <text>
            <value value="Н."/>
          </text>
          <text>
            <value value="Многокритериальный выбор в пространстве признаков большой размерности: мультиметодная технология ПАКС-М // Искусственный интеллект и принятие решений, 2014. №"/>
          </text>
          <text>
            <value value="3. С. 92--104."/>
          </text>
          <item id="id28" value="\bibitem">
            <text value="\bibitem{16-zac}"/>
          </item>
          <text>
            <value value="Басков О."/>
          </text>
          <text>
            <value value="В."/>
          </text>
          <text>
            <value value="Сужение множества Парето на основе нечеткой информации об отношении предпочтения ЛПР // Искусственный интеллект и принятие решений, 2014. №"/>
          </text>
          <text>
            <value value="1. С. 57--65."/>
          </text>
          <item id="id29" value="\bibitem">
            <text value="\bibitem{17-zac}"/>
          </item>
          <text>
            <value value="Атаева О."/>
          </text>
          <text>
            <value value="М., Серебряков В."/>
          </text>
          <text>
            <value value="А."/>
          </text>
          <text>
            <value value="Основные понятия формальной модели семантических библиотек и формализация процессов интеграции в ней // Программные продукты и системы, 2015. №"/>
          </text>
          <text>
            <value value="4(112). С. 180--187."/>
          </text>
          <item id="id30" value="\bibitem">
            <text value="\bibitem{18-zac}"/>
          </item>
          <text>
            <value value="Антипин К."/>
          </text>
          <text>
            <value value="В., Фомичев А."/>
          </text>
          <text>
            <value value="В., Гринев М."/>
          </text>
          <text>
            <value value="Н. и др."/>
          </text>
          <text>
            <value value="Оперативная интеграция данных на основе XML: системная архитектура BizQuery // Труды Института системного программирования РАН, 2004. Т. 5. С. 157--174."/>
          </text>
          <item id="id31" value="\bibitem">
            <text value="\bibitem{19-zac}"/>
          </item>
          <text>
            <value value="Зацаринный А."/>
          </text>
          <text>
            <value value="А., Сучков А."/>
          </text>
          <text>
            <value value="П., Козлов С."/>
          </text>
          <text>
            <value value="В."/>
          </text>
          <text>
            <value value="Особенности проектирования и функционирования ситуационных центров // Системы высокой доступности, 2012. Т. 8. №"/>
          </text>
          <text>
            <value value="1. С. 12--22."/>
          </text>
          <command value="\end">
            <text>
              <group>
                <text value="{}"/>
                <text>
                  <value value="thebibliography"/>
                </text>
              </group>
            </text>
            <text/>
            <text/>
            <text/>
          </command>
          <command value="\end">
            <text>
              <group>
                <text value="{}"/>
                <text>
                  <value value="multicols"/>
                </text>
              </group>
            </text>
            <text/>
          </command>
          <command value="\vspace*">
            <text>
              <group>
                <text value="{}"/>
                <text>
                  <value value="-9pt"/>
                </text>
              </group>
            </text>
            <text/>
          </command>
          <command value="\hfill">
            <text>
              <group>
                <text value="{}"/>
                <command value="\small"/>
              </group>
            </text>
          </command>
          <command value="\textit">
            <text value="\textit{}"/>
            <text>
              <value value="Поступила в редакцию 17.04.17"/>
            </text>
          </command>
          <command value="\vspace*">
            <text>
              <group>
                <text value="{}"/>
                <text>
                  <value value="7pt"/>
                </text>
              </group>
            </text>
            <text/>
          </command>
          <command value="\hrule"/>
          <command value="\vspace*">
            <text>
              <group>
                <text value="{}"/>
                <text>
                  <value value="2pt"/>
                </text>
              </group>
            </text>
            <text/>
          </command>
          <command value="\hrule"/>
          <command value="\vspace*">
            <text>
              <group>
                <text value="{}"/>
                <text>
                  <value value="-6pt"/>
                </text>
              </group>
            </text>
            <text/>
          </command>
          <text>
            <value value="THE SITUATIONAL MANAGEMENT SYSTEM AS A MULTISERVICE TECHNOLOGY IN THE CLOUD"/>
          </text>
          <text>
            <value value="The situational management system as a multiservice technology in the cloud"/>
          </text>
          <text>
            <value value="A."/>
          </text>
          <text>
            <value value="A. Zatsarinny and A."/>
          </text>
          <text>
            <value value="P. Suchkov"/>
          </text>
          <text>
            <value value="A."/>
          </text>
          <text>
            <value value="A. Zatsarinny and A."/>
          </text>
          <text>
            <value value="P. Suchkov"/>
          </text>
          <command value="\titel">
            <text>
              <group>
                <text value="{}"/>
                <command value="\tit">
                  <text/>
                  <text>
                    <group>
                      <text value="{}"/>
                      <command value="\aut">
                        <text/>
                        <text>
                          <group>
                            <text value="{}"/>
                            <command value="\autkol">
                              <text/>
                              <text>
                                <group>
                                  <text value="{}"/>
                                  <command value="\titkol">
                                    <text/>
                                  </command>
                                  <command value="\vspace*">
                                    <text>
                                      <group>
                                        <text value="{}"/>
                                        <text>
                                          <value value="-9pt"/>
                                        </text>
                                      </group>
                                    </text>
                                    <text/>
                                  </command>
                                </group>
                              </text>
                            </command>
                          </group>
                        </text>
                      </command>
                    </group>
                  </text>
                </command>
              </group>
            </text>
          </command>
          <command value="\noindent">
            <text value="\noindent"/>
          </command>
          <text>
            <value value="Institute of Informatics Problems, Federal Research Center ``Computer Science and Control&amp;apos;&amp;apos; of the Russian Academy of Sciences, 44-2 Vavilov Str., Moscow 119333, Russian Federation"/>
          </text>
          <command value="\small">
            <text>
              <group>
                <text value="{}"/>
              </group>
            </text>
          </command>
          <command value="\textbf">
            <text value="\textbf{}"/>
          </command>
          <command value="\thepage">
            <text/>
          </command>
          <command value="\hfill"/>
          <command value="\specialsymbol">
            <text value="~---"/>
          </command>
          <text>
            <value value="INFORMATICS AND APPLICATIONS"/>
          </text>
          <text>
            <value value="2018"/>
          </text>
          <text>
            <value value="volume 12"/>
          </text>
          <text>
            <value value="issue"/>
          </text>
          <text>
            <value value="1"/>
          </text>
          <command value="\small">
            <text>
              <group>
                <text value="{}"/>
              </group>
            </text>
          </command>
          <command value="\specialsymbol">
            <text value="~---"/>
          </command>
          <text>
            <value value="INFORMATICS AND APPLICATIONS"/>
          </text>
          <text>
            <value value="2018"/>
          </text>
          <text>
            <value value="volume 12"/>
          </text>
          <text>
            <value value="issue"/>
          </text>
          <text>
            <value value="1"/>
          </text>
          <command value="\hfill"/>
          <command value="\textbf">
            <text value="\textbf{}"/>
          </command>
          <command value="\thepage">
            <text/>
            <text/>
            <text/>
          </command>
          <command value="\vspace*">
            <text>
              <group>
                <text value="{}"/>
                <text>
                  <value value="3pt"/>
                </text>
              </group>
            </text>
            <text/>
          </command>
          <annotation value="\Abst{The article discusses the approaches to creation of a unified management system as a set of services in cloud computing. The proposed approach is based on the five-stage processing model. It allows defining the general form (prototype) of a unified system of situational management, taking into account all types of internal and external information interactions in the structure of a hierarchical control system. It is shown that a unified system must have a means of configuration (localization) on a specific application field. The proposed list of services and localization services provides the main functions of the control system. It is expected that such services will be in demand in a wide range of organizational systems, which should lead to a significant reduction in the cost of development and implementation and ensure the possibility of implementation of uniform information, program, and technical policy in the field of interagency and interdepartmental electronic interaction.}"/>
          <keywords>
            <text value="\KWE{unified system of situational management; cloud service; process of localization}"/>
          </keywords>
          <command value="\pagebreak"/>
          <command value="\begin">
            <text>
              <group>
                <text value="{}"/>
                <text>
                  <value value="2"/>
                </text>
              </group>
            </text>
            <text/>
          </command>
          <command value="\renewcommand">
            <text>
              <group>
                <text value="{}"/>
                <command value="\bibname">
                  <text/>
                  <text>
                    <group>
                      <text value="{}"/>
                      <command value="\protect"/>
                      <command value="\rmfamily">
                        <text>
                          <text>
                            <value value="References"/>
                          </text>
                        </text>
                        <text/>
                      </command>
                    </group>
                  </text>
                </command>
              </group>
            </text>
          </command>
          <group>
            <text value="{}"/>
            <command value="\small"/>
            <command value="\frenchspacing">
              <text>
                <group>
                  <text value="{}"/>
                </group>
              </text>
            </command>
          </group>
          <command value="\addcontentsline">
            <text>
              <group>
                <text value="{}"/>
                <text>
                  <value value="toc"/>
                </text>
              </group>
            </text>
            <text/>
            <text>
              <group>
                <text value="{}"/>
                <text>
                  <value value="section"/>
                </text>
              </group>
            </text>
            <text/>
            <text>
              <group>
                <text value="{}"/>
                <text>
                  <value value="References"/>
                </text>
              </group>
            </text>
            <text/>
          </command>
          <command value="\begin">
            <text>
              <group>
                <text value="{}"/>
                <text>
                  <value value="99"/>
                </text>
              </group>
            </text>
            <text/>
          </command>
          <item id="id32" value="\bibitem">
            <text value="\bibitem{1-zac-1}"/>
          </item>
          <text>
            <value value="Zatsarinny, A."/>
          </text>
          <text>
            <value value="A."/>
          </text>
          <text>
            <value value="2015. O povyshenii effektivnosti informatsionno-analiticheskoy podderzhki prinyatiya"/>
          </text>
          <command value="\noindent">
            <text value="\noindent"/>
          </command>
          <text>
            <value value="strategicheskikh resheniy v organakh gosudarstvennoy vlasti"/>
          </text>
          <text>
            <value value="Some problems of information-analytical support for strategic decision-making in government departments"/>
          </text>
          <text>
            <value value="."/>
          </text>
          <command value="\textit">
            <text value="\textit{}"/>
            <text>
              <value value="Mezhotraslevaya informatsionnaya sluzhba"/>
            </text>
          </command>
          <text>
            <value value="Intersectoral Information Service"/>
          </text>
          <text>
            <value value="1(170):11--22."/>
          </text>
          <item id="id33" value="\bibitem">
            <text value="\bibitem{2-zac-1}"/>
            <text>
              <value value="AWS CloudFormation. Available at:"/>
            </text>
            <group>
              <text value="{}"/>
              <command value="\sf">
                <text>
                  <text>
                    <value value="https://aws.amazon. com/ru/cloudformation"/>
                  </text>
                </text>
                <text/>
                <text>
                  <text>
                    <value value="(accessed October 25, 2017)."/>
                  </text>
                </text>
              </command>
            </group>
          </item>
          <item id="id34" value="\bibitem">
            <text value="\bibitem{3-zac-1}"/>
            <text>
              <value value="Compute Engine: Scalable, High-Performance Virtual Machines. Available at:"/>
            </text>
            <group>
              <text value="{}"/>
              <command value="\sf">
                <text>
                  <text>
                    <value value="https://cloud.google.com/"/>
                  </text>
                </text>
              </command>
            </group>
          </item>
          <command value="\linebreak">
            <text value="\linebreak"/>
          </command>
          <text>
            <value value="compute"/>
          </text>
          <text>
            <value value="(accessed October 25, 2017)."/>
          </text>
          <item id="id35" value="\bibitem">
            <text value="\bibitem{4-zac-1}"/>
            <text>
              <value value="Global&amp;apos;nost&amp;apos;. Nadezhnost&amp;apos;. Gibridnost&amp;apos;: Oblako na vashikh usloviyakh"/>
            </text>
          </item>
          <text>
            <value value="The Global. Reliability. Hybridity: The cloud on your terms"/>
          </text>
          <text>
            <value value=". Available at:"/>
          </text>
          <group>
            <text value="{}"/>
            <command value="\sf">
              <text>
                <text>
                  <value value="https://azure. microsoft.com/ru-ru"/>
                </text>
              </text>
              <text/>
              <text>
                <text>
                  <value value="(accessed October 25, 2017)."/>
                </text>
              </text>
            </command>
          </group>
          <item id="id36" value="\bibitem">
            <text value="\bibitem{5-zac-1}"/>
            <text>
              <value value="Amazon WorkSpaces: Fully managed, secure virtual cloud desktops running on AWS. Available at:"/>
            </text>
            <group>
              <text value="{}"/>
              <command value="\sf">
                <text>
                  <text>
                    <value value="https://aws.amazon.com/workspaces"/>
                  </text>
                </text>
                <text/>
                <text>
                  <text>
                    <value value="(accessed October 25, 2017)."/>
                  </text>
                </text>
              </command>
            </group>
          </item>
          <item id="id37" value="\bibitem">
            <text value="\bibitem{6-zac-1}"/>
            <text>
              <value value="Oracle Virtual Desktop Infrastructure. Available at:"/>
            </text>
            <group>
              <text value="{}"/>
              <command value="\sf">
                <text>
                  <text>
                    <value value="http://www.oracle.com/technetwork/server-storage/ virtualdesktop/overview/index.html"/>
                  </text>
                </text>
                <text/>
                <text>
                  <text>
                    <value value="(accessed October 25, 2017)."/>
                  </text>
                </text>
              </command>
            </group>
          </item>
          <item id="id38" value="\bibitem">
            <text value="\bibitem{7-zac-1}"/>
            <text>
              <value value="Oblachnaya sistema upravleniya biznesom"/>
            </text>
          </item>
          <text>
            <value value="Cloud-based business management system"/>
          </text>
          <text>
            <value value=". Available at:"/>
          </text>
          <group>
            <text value="{}"/>
            <command value="\sf">
              <text>
                <text>
                  <value value="http://cloud-automation.ru/management"/>
                </text>
              </text>
            </command>
            <command value="\_automation">
              <text/>
              <text>
                <text>
                  <value value="(accessed October 25, 2017)."/>
                </text>
              </text>
            </command>
          </group>
          <item id="id39" value="\bibitem">
            <text value="\bibitem{8-zac-1}"/>
          </item>
          <text>
            <value value="Suchkov, A."/>
          </text>
          <text>
            <value value="P."/>
          </text>
          <text>
            <value value="2017. Polnofunktsional&amp;apos;nyy protsessnyy podkhod k realizatsii sistem situatsionnogo upravleniya"/>
          </text>
          <text>
            <value value="A fully functional process-based approach to the implementation of systems of situational management"/>
          </text>
          <text>
            <value value="."/>
          </text>
          <command value="\textit">
            <text value="\textit{}"/>
          </command>
          <command value="\specialsymbol">
            <text value="~---"/>
          </command>
          <text>
            <value value="Systems and Means of Informatics"/>
          </text>
          <text>
            <value value="27(1):85--99."/>
          </text>
          <item id="id40" value="\bibitem">
            <text value="\bibitem{9-zac-1}"/>
            <text>
              <value value="Federal&amp;apos;nyy issledovatel&amp;apos;skiy tsentr ``Informatika i upravlenie&amp;apos;&amp;apos; Rossiyskoy akademii nauk: Osnovnye napravleniya issledovaniy"/>
            </text>
          </item>
          <text>
            <value value="Federal Research Center ``Computer Science and Control&amp;apos;&amp;apos; of the Russian Academy of Sciences: Main research areas"/>
          </text>
          <text>
            <value value=". Available at:"/>
          </text>
          <group>
            <text value="{}"/>
            <command value="\sf">
              <text>
                <text>
                  <value value="http:// www.frccsc.ru/expertise"/>
                </text>
              </text>
              <text/>
              <text>
                <text>
                  <value value="(accessed October 25, 2017)."/>
                </text>
              </text>
            </command>
          </group>
          <item id="id41" value="\bibitem">
            <text value="\bibitem{10-zac-1}"/>
          </item>
          <text>
            <value value="Suchkov, A."/>
          </text>
          <text>
            <value value="P."/>
          </text>
          <text>
            <value value="2015. Nekotorye podkhody k integratsii analiticheskikh dannykh sushchestvuyushchikh i perspektivnykh sistem podderzhki prinyatiya resheniy"/>
          </text>
          <text>
            <value value="Some approaches to the analytical data integration of the existing and future decision support systems"/>
          </text>
          <text>
            <value value="."/>
          </text>
          <command value="\textit">
            <text value="\textit{}"/>
          </command>
          <command value="\specialsymbol">
            <text value="~---"/>
          </command>
          <text>
            <value value="Systems and Means of Informatics"/>
          </text>
          <text>
            <value value="25(3):201--211."/>
          </text>
          <item id="id42" value="\bibitem">
            <text value="\bibitem{11-zac-1}"/>
            <text>
              <value value="Elektronnoe pravitel&amp;apos;stvo: Gosuslugi"/>
            </text>
          </item>
          <text>
            <value value="E-government: Public services"/>
          </text>
          <text>
            <value value="Available at:"/>
          </text>
          <group>
            <text value="{}"/>
            <command value="\sf">
              <text>
                <text>
                  <value value="http://smev.gosuslugi.ru/ portal/"/>
                </text>
              </text>
              <text/>
              <text>
                <text>
                  <value value="(accessed October 25, 2017)."/>
                </text>
              </text>
            </command>
          </group>
          <item id="id43" value="\bibitem">
            <text value="\bibitem{12-zac-1}"/>
            <text>
              <value value="About NIEM (National Information Exchange Model). Available at:"/>
            </text>
            <group>
              <text value="{}"/>
              <command value="\sf">
                <text>
                  <text>
                    <value value="https//www.niem.gov/about-niem"/>
                  </text>
                </text>
                <text/>
                <text>
                  <text>
                    <value value="(accessed October 25, 2017)."/>
                  </text>
                </text>
              </command>
            </group>
          </item>
          <item id="id44" value="\bibitem">
            <text value="\bibitem{13-zac-1}"/>
          </item>
          <text>
            <value value="Osipov, G."/>
          </text>
          <text>
            <value value="S."/>
          </text>
          <text>
            <value value="1997."/>
          </text>
          <command value="\textit">
            <text value="\textit{}"/>
            <text>
              <value value="Priobretenie znaniy intellektual&amp;apos;nymi sistemami"/>
            </text>
          </command>
          <text>
            <value value="Knowledge acquisition intelligent systems"/>
          </text>
          <text>
            <value value=". Moscow: Nauka. 112 p."/>
          </text>
          <item id="id45" value="\bibitem">
            <text value="\bibitem{14-zac-1}"/>
          </item>
          <text>
            <value value="Bystrov, I."/>
          </text>
          <text>
            <value value="I., B."/>
          </text>
          <text>
            <value value="V. Tarasov, A."/>
          </text>
          <text>
            <value value="A. Khoroshilov, and S."/>
          </text>
          <text>
            <value value="I. Radomanov."/>
          </text>
          <text>
            <value value="2015. Osnovy primeneniya ontologii i komp&amp;apos;yuternoy lingvistiki pri proektirovanii perspektivnykh avtomatizirovannykh informatsionnykh sistem"/>
          </text>
          <text>
            <value value="The application basis of ontology and computational linguistics in the design of advanced automated information systems"/>
          </text>
          <text>
            <value value="."/>
          </text>
          <command value="\textit">
            <text value="\textit{}"/>
          </command>
          <command value="\specialsymbol">
            <text value="~---"/>
          </command>
          <text>
            <value value="Systems and Means of Informatics"/>
          </text>
          <text>
            <value value="25(4):128--149."/>
          </text>
          <item id="id46" value="\bibitem">
            <text value="\bibitem{15-zac-1}"/>
          </item>
          <text>
            <value value="Petrovsky, A."/>
          </text>
          <text>
            <value value="B., and V."/>
          </text>
          <text>
            <value value="N. Lobanov."/>
          </text>
          <text>
            <value value="2015. Multi-criteria choice in the attribute space of large dimension: Multi-method technology PAKS-M."/>
          </text>
          <command value="\textit">
            <text value="\textit{}"/>
            <text>
              <value value="Scientific Technical Information Processing"/>
            </text>
          </command>
          <text>
            <value value="42(5):76--86."/>
          </text>
          <item id="id47" value="\bibitem">
            <text value="\bibitem{16-zac-1}"/>
          </item>
          <text>
            <value value="Baskov, O."/>
          </text>
          <text>
            <value value="V."/>
          </text>
          <text>
            <value value="2015. An algorithm for Pareto set reduction using fuzzy information on decision-maker&amp;apos;s preference relation."/>
          </text>
          <command value="\textit">
            <text value="\textit{}"/>
            <text>
              <value value="Scientific Technical Information Processing"/>
            </text>
          </command>
          <text>
            <value value="42(5):382--387. doi: 10.3103/S0147688215050020."/>
          </text>
          <item id="id48" value="\bibitem">
            <text value="\bibitem{17-zac-1}"/>
          </item>
          <text>
            <value value="Ataeva, O."/>
          </text>
          <text>
            <value value="M., and V."/>
          </text>
          <text>
            <value value="A. Serebryakov"/>
          </text>
          <text>
            <value value=". 2015. Osnovnye ponyatiya formal&amp;apos;noy modeli semanticheskikh bibliotek i formalizatsiya protsessov integratsii v ney"/>
          </text>
          <text>
            <value value="The basic concepts of a semantic libraries formal model and its integration process formalization"/>
          </text>
          <text>
            <value value="."/>
          </text>
          <command value="\textit">
            <text value="\textit{}"/>
            <text>
              <value value="Programmnye produkty i sistemy"/>
            </text>
          </command>
          <text>
            <value value="Software Systems"/>
          </text>
          <text>
            <value value="4(112):180--187."/>
          </text>
          <item id="id49" value="\bibitem">
            <text value="\bibitem{18-zac-1}"/>
          </item>
          <text>
            <value value="Antipin, K."/>
          </text>
          <text>
            <value value="V., A."/>
          </text>
          <text>
            <value value="V. Fomichev, M."/>
          </text>
          <text>
            <value value="N. Grinev,"/>
          </text>
          <command value="\textit">
            <text value="\textit{}"/>
            <text>
              <value value="et al."/>
            </text>
          </command>
          <text>
            <value value=". 2004. Operativnaya integratsiya dannykh na osnove XML: Sistemnaya arkhitektura BizQuery"/>
          </text>
          <text>
            <value value="Operational data integration based on XML: The system architecture of BizQuery"/>
          </text>
          <text>
            <value value="."/>
          </text>
          <command value="\textit">
            <text value="\textit{}"/>
            <text>
              <value value="Proceedings of the Institute for System Programming of the RAS"/>
            </text>
          </command>
          <text>
            <value value="5:157--174."/>
          </text>
          <item id="id50" value="\bibitem">
            <text value="\bibitem{19-zac-1}"/>
          </item>
          <text>
            <value value="Zatsarinny, A."/>
          </text>
          <text>
            <value value="A., A."/>
          </text>
          <text>
            <value value="P. Suchkov, and S."/>
          </text>
          <text>
            <value value="V. Kozlov."/>
          </text>
          <text>
            <value value="2012. Osobennosti proektirovaniya i funktsionirovaniya situatsionnykh tsentrov"/>
          </text>
          <text>
            <value value="The features of design and operation of situational centers"/>
          </text>
          <text>
            <value value="."/>
          </text>
          <command value="\textit">
            <text value="\textit{}"/>
            <text>
              <value value="Sistemy vysokoy dostupnosti"/>
            </text>
          </command>
          <text>
            <value value="Highly Available Systems"/>
          </text>
          <text>
            <value value="8(1):12--22."/>
          </text>
          <command value="\end">
            <text>
              <group>
                <text value="{}"/>
                <text>
                  <value value="thebibliography"/>
                </text>
              </group>
            </text>
            <text/>
            <text/>
            <text/>
          </command>
          <command value="\end">
            <text>
              <group>
                <text value="{}"/>
                <text>
                  <value value="multicols"/>
                </text>
              </group>
            </text>
            <text/>
          </command>
          <command value="\vspace*">
            <text>
              <group>
                <text value="{}"/>
                <text>
                  <value value="-6pt"/>
                </text>
              </group>
            </text>
            <text/>
          </command>
          <command value="\hfill">
            <text>
              <group>
                <text value="{}"/>
                <command value="\small"/>
              </group>
            </text>
          </command>
          <command value="\textit">
            <text value="\textit{}"/>
            <text>
              <value value="Received April 17, 2017"/>
            </text>
          </command>
          <command value="\Contr"/>
          <command value="\noindent">
            <text value="\noindent"/>
          </command>
          <command value="\textbf">
            <text value="\textbf{}"/>
            <text>
              <value value="Zatsarinny Alexander A."/>
            </text>
          </command>
          <text>
            <value value="(b."/>
          </text>
          <command value="\specialsymbol">
            <text value="~---"/>
          </command>
          <text>
            <value value="Doctor of Science in technology, professor, Deputy Director, Federal Research Center ``Computer Science and Control&amp;apos;&amp;apos; of the Russian Academy of Sciences, 44-2 Vavilov Str., Moscow 119333, Russian Federation;"/>
          </text>
          <command value="\mbox">
            <text>
              <group>
                <text value="{}"/>
                <email>
                  <text value="AZatsarinny@ipiran.ru"/>
                </email>
              </group>
            </text>
            <text/>
          </command>
          <command value="\vspace*">
            <text>
              <group>
                <text value="{}"/>
                <text>
                  <value value="3pt"/>
                </text>
              </group>
            </text>
            <text/>
          </command>
          <command value="\noindent">
            <text value="\noindent"/>
          </command>
          <command value="\textbf">
            <text value="\textbf{}"/>
            <text>
              <value value="Suchkov Alexander P."/>
            </text>
          </command>
          <text>
            <value value="(b."/>
          </text>
          <command value="\specialsymbol">
            <text value="~---"/>
          </command>
          <text>
            <value value="Doctor of Science in technology, leading scientist, Institute of Informatics Problems, Federal Research Center ``Computer Science and Control&amp;apos;&amp;apos; of the Russian Academy of Sciences, 44-2 Vavilov Str., Moscow 119333, Russian Federation;"/>
          </text>
          <command value="\mbox">
            <text>
              <group>
                <text value="{}"/>
                <email>
                  <text value="ASuchkov@frccsc.ru"/>
                </email>
              </group>
            </text>
            <text/>
          </command>
          <command value="\label">
            <text>
              <group>
                <text value="{}"/>
                <text>
                  <value value="end"/>
                </text>
                <command value="\stat">
                  <text/>
                </command>
                <command value="\renewcommand">
                  <text>
                    <group>
                      <text value="{}"/>
                      <command value="\bibname">
                        <text/>
                        <text>
                          <group>
                            <text value="{}"/>
                            <command value="\protect"/>
                            <command value="\rm">
                              <text>
                                <text>
                                  <value value="Литература"/>
                                </text>
                              </text>
                              <text/>
                            </command>
                          </group>
                        </text>
                      </command>
                    </group>
                  </text>
                </command>
              </group>
            </text>
          </command>
        </figure>
      </section>
    </fulltext>
  </paper>
</papers>